tool_name,legacy_runtime_s,next_gen_runtime_s,speedup_ratio,speedup_pct,time_savings_s,parity_band
reciprocal,2.6,0.03,86.83,98.85,2.58,Green
sqrt,2.09,0.03,69.67,98.56,2.06,Green
ceil,2.08,0.03,69.17,98.55,2.05,Green
truncate,2.01,0.03,67.0,98.51,1.98,Green
round,1.92,0.03,64.17,98.44,1.9,Green
floor,2.05,0.04,58.57,98.29,2.01,Green
square,2.06,0.04,51.38,98.05,2.02,Green
log10,2.38,0.06,39.75,97.48,2.32,Green
exp2,2.34,0.07,33.43,97.01,2.27,Green
abs,1.92,0.06,32.08,96.88,1.86,Green
standard_deviation_contrast_stretch,97.09,3.06,31.73,96.85,94.03,Green
z_scores,97.65,3.14,31.1,96.78,94.51,Green
exp,2.31,0.08,30.8,96.75,2.24,Green
ln,2.41,0.08,30.12,96.68,2.33,Green
bool_xor,1.9,0.06,29.23,96.58,1.84,Green
bool_or,1.88,0.07,26.86,96.28,1.81,Green
divide,2.07,0.08,24.35,95.89,1.98,Green
multiply,2.04,0.09,22.72,95.6,1.95,Green
greater_than_or_equal_to,2.37,0.1,22.57,95.57,2.26,Green
less_than_or_equal_to,2.38,0.11,21.68,95.39,2.28,Green
less_than,2.38,0.11,21.59,95.37,2.26,Green
not_equal_to,2.37,0.11,21.55,95.36,2.26,Green
greater_than,2.37,0.11,21.55,95.36,2.26,Green
equal_to,2.37,0.11,21.55,95.36,2.26,Green
log2,2.36,0.11,21.45,95.34,2.25,Green
bool_not,1.84,0.09,20.44,95.11,1.75,Green
bool_and,1.92,0.1,19.15,94.78,1.82,Green
modulo,3.12,0.16,18.88,94.7,2.95,Green
turning_bands_simulation,160.56,15.54,10.33,90.32,145.02,Green
sin,2.4,0.25,9.62,89.6,2.15,Green
atan2,3.82,0.43,8.87,88.73,3.38,Green
symmetrical_difference,2.45,0.32,7.66,86.94,2.13,Green
arsinh,3.11,0.5,6.22,83.92,2.61,Green
union,2.52,0.42,6.0,83.33,2.1,Green
arctan,2.43,0.44,5.52,81.89,1.99,Green
tan,2.42,0.46,5.32,81.2,1.96,Green
percent_greater_than,5.11,0.98,5.21,80.8,4.12,Green
arcosh,2.24,0.44,5.09,80.36,1.8,Green
sinh,2.19,0.44,5.03,80.14,1.76,Green
arcsin,2.22,0.46,4.88,79.5,1.76,Green
artanh,2.12,0.44,4.87,79.48,1.68,Green
percent_less_than,4.63,0.97,4.77,79.05,3.66,Green
increment,1.94,0.42,4.62,78.35,1.52,Green
tanh,2.09,0.47,4.45,77.51,1.62,Green
to_degrees,1.84,0.42,4.38,77.17,1.42,Green
to_radians,1.83,0.42,4.31,76.78,1.4,Green
subtract,1.84,0.43,4.28,76.63,1.41,Green
fill_depressions_planchon_and_darboux,284.71,72.36,3.93,74.59,212.36,Green
percent_equal_to,5.56,1.48,3.77,73.47,4.08,Green
lowest_position,1.66,0.44,3.74,73.27,1.22,Green
highest_position,1.68,0.46,3.7,73.0,1.23,Green
horizon_angle,10.25,3.05,3.36,70.24,7.2,Green
min_overlay,2.67,0.8,3.32,69.85,1.86,Green
count_if,1.79,0.54,3.31,69.83,1.25,Green
weighted_sum,2.48,0.76,3.28,69.49,1.72,Green
plan_curvature,8.66,2.68,3.23,69.0,5.98,Green
breach_depressions_least_cost,7.36,2.42,3.03,67.03,4.93,Green
add,1.3,0.44,2.96,66.18,0.86,Green
max_absolute_overlay,2.4,0.82,2.95,66.11,1.59,Green
multiply_overlay,2.44,0.83,2.95,66.05,1.61,Green
min_absolute_overlay,2.35,0.81,2.9,65.53,1.54,Green
buffer_raster,29.15,10.06,2.9,65.51,19.1,Green
average_horizon_distance,124.38,43.68,2.85,64.88,80.69,Green
max_overlay,2.31,0.81,2.85,64.86,1.5,Green
average_overlay,2.56,0.9,2.83,64.72,1.66,Green
sum_overlay,2.15,0.81,2.66,62.41,1.34,Green
standard_deviation_overlay,2.29,0.87,2.63,62.01,1.42,Green
burn_streams,58.54,25.44,2.3,56.54,33.1,Green
high_pass_filter,7.82,3.58,2.19,54.25,4.24,Green
decrement,2.02,0.96,2.12,52.72,1.06,Green
fill_depressions_wang_and_liu,86.62,43.96,1.97,49.24,42.66,Green
rescale_value_range,2.63,1.38,1.91,47.53,1.25,Green
roberts_cross_filter,2.4,1.32,1.82,45.11,1.08,Green
standard_deviation_filter,8.14,4.59,1.77,43.61,3.55,Green
horizon_area,85.17,49.04,1.74,42.43,36.14,Green
percentage_contrast_stretch,11.92,6.87,1.74,42.37,5.05,Green
fast_almost_gaussian_filter,29.42,16.96,1.73,42.35,12.46,Green
watershed,7.57,4.52,1.67,40.29,3.05,Green
geomorphons,56.97,34.75,1.64,39.0,22.22,Green
rho8_flow_accum,12.04,7.4,1.63,38.54,4.64,Green
rho8_flow_accum,12.04,7.4,1.63,38.54,4.64,Green
d8_flow_accum,11.71,7.44,1.57,36.46,4.27,Green
quantiles,5.36,3.6,1.49,32.81,1.76,Green
laplacian_filter,2.34,1.58,1.48,32.33,0.75,Green
minimal_dispersion_flow_algorithm,52.43,35.69,1.47,31.93,16.74,Green
stream_slope_continuous,2.81,1.92,1.46,31.67,0.89,Green
slope,2.2,1.52,1.45,31.07,0.68,Green
hillslopes,36.89,25.46,1.45,30.98,11.43,Green
weighted_overlay,3.92,2.73,1.43,30.27,1.18,Green
breach_single_cell_pits,8.55,5.96,1.43,30.23,2.59,Green
hack_stream_order,6.35,4.44,1.43,30.08,1.91,Green
quinn_flow_accumulation,27.37,19.51,1.4,28.72,7.86,Green
topological_stream_order,5.84,4.17,1.4,28.6,1.67,Green
unsphericity,2.32,1.66,1.4,28.45,0.66,Green
raster_streams_to_vector,2.32,1.67,1.39,28.02,0.65,Green
strahler_stream_order,5.78,4.19,1.38,27.51,1.59,Green
openness,24.91,18.22,1.37,26.86,6.69,Green
stream_link_class,5.7,4.17,1.37,26.84,1.53,Green
minimal_curvature,2.27,1.67,1.36,26.43,0.6,Green
difference_curvature,2.28,1.68,1.36,26.32,0.6,Green
ring_curvature,2.29,1.69,1.36,26.2,0.6,Green
vertical_excess_curvature,2.3,1.7,1.35,25.93,0.6,Green
horizontal_excess_curvature,2.26,1.68,1.35,25.88,0.58,Green
scharr_filter,2.12,1.59,1.33,24.82,0.53,Green
accumulation_curvature,2.22,1.68,1.33,24.72,0.55,Green
curvedness,2.26,1.7,1.33,24.56,0.55,Green
sobel_filter,2.12,1.6,1.32,24.53,0.52,Green
maximal_curvature,2.24,1.69,1.32,24.38,0.54,Green
aspect,2.31,1.74,1.32,24.3,0.56,Green
fd8_flow_accum,26.98,20.51,1.32,23.98,6.47,Green
qin_flow_accumulation,30.94,23.55,1.31,23.88,7.39,Green
min_max_contrast_stretch,1.86,1.42,1.31,23.66,0.44,Green
prewitt_filter,2.08,1.59,1.31,23.37,0.49,Green
emboss_filter,2.04,1.56,1.3,23.34,0.48,Green
remove_short_streams,9.7,7.45,1.3,23.2,2.25,Green
horton_stream_order,6.5,5.03,1.29,22.62,1.47,Green
relative_aspect,2.46,1.92,1.29,22.31,0.55,Green
lidar_idw_interpolation,11.85,9.22,1.29,22.2,2.63,Green
rotor,2.18,1.7,1.28,22.02,0.48,Green
majority_filter,12.09,9.54,1.27,21.09,2.55,Green
line_detection_filter,2.04,1.61,1.27,21.08,0.43,Green
stream_link_identifier,5.47,4.33,1.26,20.84,1.14,Green
extract_streams,1.57,1.25,1.26,20.38,0.32,Green
tributary_identifier,6.08,4.85,1.25,20.23,1.23,Green
shreve_stream_magnitude,5.69,4.6,1.24,19.16,1.09,Green
mean_filter,5.66,4.58,1.24,19.08,1.08,Green
fill_depressions,19.97,16.26,1.23,18.58,3.71,Green
random_field,1.98,1.64,1.21,17.63,0.35,Green
subbasins,17.1,14.16,1.21,17.19,2.94,Green
percentile_filter,5.0,4.16,1.2,16.8,0.84,Green
olympic_filter,3.74,3.12,1.2,16.71,0.62,Green
improved_ground_point_filter,121.61,101.3,1.2,16.7,20.31,Green
gaussian_filter,4.07,3.4,1.2,16.48,0.67,Green
total_filter,5.32,4.49,1.18,15.52,0.83,Green
otsu_thresholding,2.74,2.32,1.18,15.33,0.42,Green
diversity_filter,4.79,4.08,1.17,14.82,0.71,Green
histogram_equalization,4.8,4.12,1.17,14.17,0.68,Green
bilateral_filter,9.26,8.06,1.15,12.86,1.19,Green
gaussian_contrast_stretch,4.86,4.31,1.13,11.32,0.55,Green
histogram_matching_two_images,8.04,7.14,1.13,11.19,0.9,Green
watershed_from_raster_pour_points,6.52,5.82,1.12,10.74,0.7,Green
total_curvature,2.35,2.1,1.12,10.43,0.25,Green
edge_preserving_mean_filter,6.16,5.52,1.11,10.31,0.63,Green
multiscale_elevation_percentile,24.89,22.47,1.11,9.72,2.42,Green
surface_area_ratio,2.2,2.01,1.1,8.84,0.2,Green
stream_link_length,5.84,5.4,1.08,7.53,0.44,Green
stream_link_slope,6.14,5.71,1.08,7.0,0.43,Green
shape_index,2.49,2.32,1.07,6.83,0.17,Green
range_filter,3.32,3.09,1.07,6.79,0.23,Green
mean_curvature,2.31,2.18,1.06,5.41,0.12,Green
strahler_order_basins,12.73,12.06,1.06,5.26,0.67,Green
gaussian_curvature,2.23,2.12,1.05,5.16,0.11,Green
tangential_curvature,2.28,2.17,1.05,5.03,0.12,Green
hillshade,2.88,2.74,1.05,4.86,0.14,Green
basins,7.47,7.11,1.05,4.82,0.36,Green
profile_curvature,2.26,2.16,1.04,4.21,0.09,Green
max,2.8,2.7,1.04,3.57,0.1,Green
conservative_smoothing_filter,2.34,2.26,1.03,3.21,0.07,Green
sigmoidal_contrast_stretch,2.63,2.56,1.03,2.66,0.07,Green
elevation_percentile,4.0,3.9,1.03,2.5,0.1,Green
diff_of_gaussians_filter,58.55,57.7,1.01,1.44,0.84,Green
find_noflow_cells,2.29,2.26,1.01,1.31,0.03,Green
minimum_filter,2.78,2.74,1.01,1.26,0.03,Green
hypsometrically_tinted_hillshade,3.37,3.35,1.01,0.59,0.02,Green
min,2.51,2.5,1.0,0.4,0.01,Green
median_filter,3.99,4.02,0.99,-0.75,-0.03,Green
adaptive_filter,8.68,8.76,0.99,-0.86,-0.07,Green
maximum_filter,2.92,3.04,0.96,-4.28,-0.12,Green
fd8_pointer,2.8,2.93,0.96,-4.64,-0.13,Yellow
high_pass_median_filter,4.54,4.76,0.95,-4.73,-0.21,Green
rho8_pointer,2.74,2.94,0.93,-7.3,-0.2,Yellow
rho8_pointer,2.74,2.94,0.93,-7.3,-0.2,Yellow
lee_filter,7.18,7.94,0.9,-10.51,-0.76,Red
multidirectional_hillshade,2.86,3.17,0.9,-10.84,-0.31,Red
d8_pointer,2.42,2.69,0.9,-11.16,-0.27,Yellow
d8_pointer,0.22,0.25,0.88,-13.64,-0.03,Yellow
k_nearest_mean_filter,3.04,3.47,0.87,-14.33,-0.44,Red
laplacian_of_gaussians_filter,3.46,4.08,0.85,-18.23,-0.63,Red
pennock_landform_classification,1.48,1.82,0.82,-22.22,-0.33,Red
aggregate_raster,1.02,1.3,0.78,-27.45,-0.28,Red
fill_pits,1.86,2.92,0.64,-56.72,-1.06,Red
intersect,0.08,0.13,0.62,-62.5,-0.05,Red
difference,0.08,0.23,0.35,-187.5,-0.15,Red
erase,0.06,0.22,0.27,-266.67,-0.16,Red
dissolve,0.0,0.04,0.0,-inf,-0.04,Red
